{
  "get by id" : {
    "transaction" : "get by id",
    "sampleCount" : 2000,
    "errorCount" : 0,
    "errorPct" : 0.0,
    "meanResTime" : 21.70499999999996,
    "medianResTime" : 4.0,
    "minResTime" : 1.0,
    "maxResTime" : 211.0,
    "pct1ResTime" : 88.90000000000009,
    "pct2ResTime" : 97.0,
    "pct3ResTime" : 132.99,
    "throughput" : 516.3955589981925,
    "receivedKBytesPerSec" : 118.49790416021172,
    "sentKBytesPerSec" : 64.0451523366899
  },
  "post" : {
    "transaction" : "post",
    "sampleCount" : 2000,
    "errorCount" : 0,
    "errorPct" : 0.0,
    "meanResTime" : 25.957499999999985,
    "medianResTime" : 5.0,
    "minResTime" : 1.0,
    "maxResTime" : 310.0,
    "pct1ResTime" : 98.0,
    "pct2ResTime" : 124.94999999999982,
    "pct3ResTime" : 195.0,
    "throughput" : 494.31537320810673,
    "receivedKBytesPerSec" : 113.4415163124073,
    "sentKBytesPerSec" : 113.4415163124073
  },
  "Total" : {
    "transaction" : "Total",
    "sampleCount" : 10000,
    "errorCount" : 77,
    "errorPct" : 0.77,
    "meanResTime" : 237.8612999999999,
    "medianResTime" : 5.0,
    "minResTime" : 1.0,
    "maxResTime" : 3766.0,
    "pct1ResTime" : 365.89999999999964,
    "pct2ResTime" : 2188.949999999999,
    "pct3ResTime" : 3446.99,
    "throughput" : 2171.0811984368215,
    "receivedKBytesPerSec" : 852.9703104646114,
    "sentKBytesPerSec" : 384.86145788102476
  },
  "update" : {
    "transaction" : "update",
    "sampleCount" : 2000,
    "errorCount" : 0,
    "errorPct" : 0.0,
    "meanResTime" : 128.14549999999988,
    "medianResTime" : 6.0,
    "minResTime" : 1.0,
    "maxResTime" : 2308.0,
    "pct1ResTime" : 316.0,
    "pct2ResTime" : 374.0,
    "pct3ResTime" : 2206.96,
    "throughput" : 458.19014891179836,
    "receivedKBytesPerSec" : 104.06375286368842,
    "sentKBytesPerSec" : 105.15105956471935
  },
  "get all" : {
    "transaction" : "get all",
    "sampleCount" : 2000,
    "errorCount" : 0,
    "errorPct" : 0.0,
    "meanResTime" : 17.656499999999948,
    "medianResTime" : 4.0,
    "minResTime" : 1.0,
    "maxResTime" : 104.0,
    "pct1ResTime" : 73.0,
    "pct2ResTime" : 93.0,
    "pct3ResTime" : 98.0,
    "throughput" : 545.7025920873124,
    "receivedKBytesPerSec" : 516.7475805763984,
    "sentKBytesPerSec" : 67.14699863574351
  },
  "delete" : {
    "transaction" : "delete",
    "sampleCount" : 2000,
    "errorCount" : 77,
    "errorPct" : 3.85,
    "meanResTime" : 995.8419999999995,
    "medianResTime" : 79.5,
    "minResTime" : 1.0,
    "maxResTime" : 3766.0,
    "pct1ResTime" : 3121.9,
    "pct2ResTime" : 3446.95,
    "pct3ResTime" : 3740.99,
    "throughput" : 434.9717268377555,
    "receivedKBytesPerSec" : 144.13578254132233,
    "sentKBytesPerSec" : 78.41724662896912
  }
}