{
  "get by id" : {
    "transaction" : "get by id",
    "sampleCount" : 1000,
    "errorCount" : 0,
    "errorPct" : 0.0,
    "meanResTime" : 5.740999999999998,
    "medianResTime" : 3.0,
    "minResTime" : 0.0,
    "maxResTime" : 63.0,
    "pct1ResTime" : 11.899999999999977,
    "pct2ResTime" : 27.0,
    "pct3ResTime" : 41.99000000000001,
    "throughput" : 300.21014710297203,
    "receivedKBytesPerSec" : 68.89588336835786,
    "sentKBytesPerSec" : 37.23309441609126
  },
  "post" : {
    "transaction" : "post",
    "sampleCount" : 1000,
    "errorCount" : 0,
    "errorPct" : 0.0,
    "meanResTime" : 7.528000000000002,
    "medianResTime" : 5.0,
    "minResTime" : 1.0,
    "maxResTime" : 76.0,
    "pct1ResTime" : 18.899999999999977,
    "pct2ResTime" : 25.0,
    "pct3ResTime" : 42.960000000000036,
    "throughput" : 298.32935560859187,
    "receivedKBytesPerSec" : 68.46425641408115,
    "sentKBytesPerSec" : 68.46425641408115
  },
  "Total" : {
    "transaction" : "Total",
    "sampleCount" : 5000,
    "errorCount" : 0,
    "errorPct" : 0.0,
    "meanResTime" : 256.16219999999976,
    "medianResTime" : 5.0,
    "minResTime" : 0.0,
    "maxResTime" : 1833.0,
    "pct1ResTime" : 1336.0,
    "pct2ResTime" : 1469.9499999999998,
    "pct3ResTime" : 1743.9599999999991,
    "throughput" : 1428.1633818908883,
    "receivedKBytesPerSec" : 2171.5553368680376,
    "sentKBytesPerSec" : 255.2284168808912
  },
  "update" : {
    "transaction" : "update",
    "sampleCount" : 1000,
    "errorCount" : 0,
    "errorPct" : 0.0,
    "meanResTime" : 8.841999999999995,
    "medianResTime" : 5.0,
    "minResTime" : 1.0,
    "maxResTime" : 78.0,
    "pct1ResTime" : 16.0,
    "pct2ResTime" : 25.0,
    "pct3ResTime" : 72.0,
    "throughput" : 297.1768202080238,
    "receivedKBytesPerSec" : 68.19975854383358,
    "sentKBytesPerSec" : 68.19975854383358
  },
  "get all" : {
    "transaction" : "get all",
    "sampleCount" : 1000,
    "errorCount" : 0,
    "errorPct" : 0.0,
    "meanResTime" : 5.727999999999998,
    "medianResTime" : 3.0,
    "minResTime" : 1.0,
    "maxResTime" : 57.0,
    "pct1ResTime" : 14.0,
    "pct2ResTime" : 24.0,
    "pct3ResTime" : 34.0,
    "throughput" : 302.8467595396729,
    "receivedKBytesPerSec" : 2020.2830434206542,
    "sentKBytesPerSec" : 37.26434736523319
  },
  "delete" : {
    "transaction" : "delete",
    "sampleCount" : 1000,
    "errorCount" : 0,
    "errorPct" : 0.0,
    "meanResTime" : 1252.9720000000018,
    "medianResTime" : 1336.0,
    "minResTime" : 91.0,
    "maxResTime" : 1833.0,
    "pct1ResTime" : 1629.9,
    "pct2ResTime" : 1743.7999999999997,
    "pct3ResTime" : 1806.0,
    "throughput" : 286.5329512893983,
    "receivedKBytesPerSec" : 69.6745164756447,
    "sentKBytesPerSec" : 53.72492836676217
  }
}