{
  "get by id" : {
    "transaction" : "get by id",
    "sampleCount" : 10000,
    "errorCount" : 2806,
    "errorPct" : 28.06,
    "meanResTime" : 1672.2078999999976,
    "medianResTime" : 524.0,
    "minResTime" : 1.0,
    "maxResTime" : 36662.0,
    "pct1ResTime" : 4506.9,
    "pct2ResTime" : 6033.949999999999,
    "pct3ResTime" : 34686.94,
    "throughput" : 172.88774398782869,
    "receivedKBytesPerSec" : 148.07038368112583,
    "sentKBytesPerSec" : 15.425469984526547
  },
  "post" : {
    "transaction" : "post",
    "sampleCount" : 10000,
    "errorCount" : 3965,
    "errorPct" : 39.65,
    "meanResTime" : 1848.8326000000022,
    "medianResTime" : 440.0,
    "minResTime" : 1.0,
    "maxResTime" : 36414.0,
    "pct1ResTime" : 3633.8999999999996,
    "pct2ResTime" : 8595.0,
    "pct3ResTime" : 35371.0,
    "throughput" : 171.84788025639705,
    "receivedKBytesPerSec" : 191.8188191687718,
    "sentKBytesPerSec" : 23.800679685217645
  },
  "Total" : {
    "transaction" : "Total",
    "sampleCount" : 50000,
    "errorCount" : 21222,
    "errorPct" : 42.444,
    "meanResTime" : 2046.0933200000134,
    "medianResTime" : 1625.0,
    "minResTime" : 1.0,
    "maxResTime" : 39423.0,
    "pct1ResTime" : 6084.700000000004,
    "pct2ResTime" : 11228.0,
    "pct3ResTime" : 35392.0,
    "throughput" : 846.3244130740195,
    "receivedKBytesPerSec" : 3188.3085208206385,
    "sentKBytesPerSec" : 82.59055142267134
  },
  "update" : {
    "transaction" : "update",
    "sampleCount" : 10000,
    "errorCount" : 5275,
    "errorPct" : 52.75,
    "meanResTime" : 1993.0551999999982,
    "medianResTime" : 695.0,
    "minResTime" : 1.0,
    "maxResTime" : 38616.0,
    "pct1ResTime" : 5338.0,
    "pct2ResTime" : 6977.349999999986,
    "pct3ResTime" : 12780.319999999985,
    "throughput" : 171.65908505707665,
    "receivedKBytesPerSec" : 242.59874420650587,
    "sentKBytesPerSec" : 18.61386294631362
  },
  "get all" : {
    "transaction" : "get all",
    "sampleCount" : 10000,
    "errorCount" : 2061,
    "errorPct" : 20.61,
    "meanResTime" : 1545.033599999997,
    "medianResTime" : 633.0,
    "minResTime" : 2.0,
    "maxResTime" : 35895.0,
    "pct1ResTime" : 3612.699999999999,
    "pct2ResTime" : 5042.949999999999,
    "pct3ResTime" : 13026.0,
    "throughput" : 175.58337576598248,
    "receivedKBytesPerSec" : 2393.5839056711234,
    "sentKBytesPerSec" : 17.152198139255173
  },
  "delete" : {
    "transaction" : "delete",
    "sampleCount" : 10000,
    "errorCount" : 7115,
    "errorPct" : 71.15,
    "meanResTime" : 3171.3372999999788,
    "medianResTime" : 1240.0,
    "minResTime" : 1.0,
    "maxResTime" : 39423.0,
    "pct1ResTime" : 9531.0,
    "pct2ResTime" : 11270.0,
    "pct3ResTime" : 33120.99,
    "throughput" : 170.4535769683127,
    "receivedKBytesPerSec" : 309.9022808286601,
    "sentKBytesPerSec" : 9.220473179129664
  }
}