{
  "get by id" : {
    "transaction" : "get by id",
    "sampleCount" : 20000,
    "errorCount" : 1153,
    "errorPct" : 5.765,
    "meanResTime" : 417.9526000000012,
    "medianResTime" : 8.0,
    "minResTime" : 0.0,
    "maxResTime" : 36197.0,
    "pct1ResTime" : 94.0,
    "pct2ResTime" : 150.0,
    "pct3ResTime" : 18609.980000000003,
    "throughput" : 298.253724443384,
    "receivedKBytesPerSec" : 108.04514955560195,
    "sentKBytesPerSec" : 34.857952586046196
  },
  "post" : {
    "transaction" : "post",
    "sampleCount" : 20000,
    "errorCount" : 1599,
    "errorPct" : 7.995,
    "meanResTime" : 663.8336000000005,
    "medianResTime" : 9.0,
    "minResTime" : 0.0,
    "maxResTime" : 36291.0,
    "pct1ResTime" : 109.0,
    "pct2ResTime" : 192.95000000000073,
    "pct3ResTime" : 24882.88000000002,
    "throughput" : 297.91607704109754,
    "receivedKBytesPerSec" : 123.24140779776712,
    "sentKBytesPerSec" : 62.90327770526418
  },
  "Total" : {
    "transaction" : "Total",
    "sampleCount" : 100000,
    "errorCount" : 9357,
    "errorPct" : 9.357,
    "meanResTime" : 925.9671399999994,
    "medianResTime" : 6.0,
    "minResTime" : 0.0,
    "maxResTime" : 65202.0,
    "pct1ResTime" : 14.0,
    "pct2ResTime" : 33461.0,
    "pct3ResTime" : 35909.98,
    "throughput" : 1469.1838683611254,
    "receivedKBytesPerSec" : 1569.7779982828913,
    "sentKBytesPerSec" : 236.24907028208332
  },
  "update" : {
    "transaction" : "update",
    "sampleCount" : 20000,
    "errorCount" : 2270,
    "errorPct" : 11.35,
    "meanResTime" : 1378.2537,
    "medianResTime" : 10.0,
    "minResTime" : 1.0,
    "maxResTime" : 65202.0,
    "pct1ResTime" : 182.0,
    "pct2ResTime" : 9778.700000000004,
    "pct3ResTime" : 34846.98,
    "throughput" : 296.5335231147881,
    "receivedKBytesPerSec" : 145.43789255941792,
    "sentKBytesPerSec" : 60.32821048505471
  },
  "get all" : {
    "transaction" : "get all",
    "sampleCount" : 20000,
    "errorCount" : 821,
    "errorPct" : 4.105,
    "meanResTime" : 297.8937000000006,
    "medianResTime" : 8.0,
    "minResTime" : 1.0,
    "maxResTime" : 36226.0,
    "pct1ResTime" : 83.0,
    "pct2ResTime" : 134.0,
    "pct3ResTime" : 11167.980000000003,
    "throughput" : 299.03859093015956,
    "receivedKBytesPerSec" : 1025.9325010326177,
    "sentKBytesPerSec" : 35.285298001300816
  },
  "delete" : {
    "transaction" : "delete",
    "sampleCount" : 20000,
    "errorCount" : 3514,
    "errorPct" : 17.57,
    "meanResTime" : 1871.902099999998,
    "medianResTime" : 12.0,
    "minResTime" : 0.0,
    "maxResTime" : 36988.0,
    "pct1ResTime" : 4392.0,
    "pct2ResTime" : 16897.20000000001,
    "pct3ResTime" : 34435.990000000005,
    "throughput" : 293.8713137517081,
    "receivedKBytesPerSec" : 189.59981672072675,
    "sentKBytesPerSec" : 45.41964823603744
  }
}