{
  "get by id" : {
    "transaction" : "get by id",
    "sampleCount" : 5000,
    "errorCount" : 1114,
    "errorPct" : 22.28,
    "meanResTime" : 591.9928000000011,
    "medianResTime" : 25.0,
    "minResTime" : 0.0,
    "maxResTime" : 16592.0,
    "pct1ResTime" : 318.0,
    "pct2ResTime" : 4573.249999999997,
    "pct3ResTime" : 9208.889999999998,
    "throughput" : 253.01082886347535,
    "receivedKBytesPerSec" : 187.9811159042607,
    "sentKBytesPerSec" : 24.387970758273454
  },
  "post" : {
    "transaction" : "post",
    "sampleCount" : 5000,
    "errorCount" : 1602,
    "errorPct" : 32.04,
    "meanResTime" : 1072.1090000000024,
    "medianResTime" : 33.0,
    "minResTime" : 0.0,
    "maxResTime" : 16623.0,
    "pct1ResTime" : 3951.9000000000005,
    "pct2ResTime" : 6276.799999999999,
    "pct3ResTime" : 15830.709999999994,
    "throughput" : 250.99141609356963,
    "receivedKBytesPerSec" : 242.93812120375483,
    "sentKBytesPerSec" : 39.14534677601526
  },
  "Total" : {
    "transaction" : "Total",
    "sampleCount" : 25000,
    "errorCount" : 9322,
    "errorPct" : 37.288,
    "meanResTime" : 1039.3696799999989,
    "medianResTime" : 38.0,
    "minResTime" : 0.0,
    "maxResTime" : 16623.0,
    "pct1ResTime" : 5071.800000000003,
    "pct2ResTime" : 8597.0,
    "pct3ResTime" : 15911.0,
    "throughput" : 1233.0456226880394,
    "receivedKBytesPerSec" : 3314.48491445746,
    "sentKBytesPerSec" : 131.27557606350186
  },
  "update" : {
    "transaction" : "update",
    "sampleCount" : 5000,
    "errorCount" : 2483,
    "errorPct" : 49.66,
    "meanResTime" : 1140.9506000000017,
    "medianResTime" : 39.0,
    "minResTime" : 1.0,
    "maxResTime" : 16560.0,
    "pct1ResTime" : 3975.9000000000005,
    "pct2ResTime" : 6316.149999999997,
    "pct3ResTime" : 15901.99,
    "throughput" : 249.68789013732834,
    "receivedKBytesPerSec" : 343.07116104868913,
    "sentKBytesPerSec" : 28.845534878277157
  },
  "get all" : {
    "transaction" : "get all",
    "sampleCount" : 5000,
    "errorCount" : 660,
    "errorPct" : 13.2,
    "meanResTime" : 577.0676000000007,
    "medianResTime" : 21.0,
    "minResTime" : 1.0,
    "maxResTime" : 16345.0,
    "pct1ResTime" : 244.0,
    "pct2ResTime" : 4572.699999999999,
    "pct3ResTime" : 9462.799999999996,
    "throughput" : 254.2976299460889,
    "receivedKBytesPerSec" : 2167.995173113112,
    "sentKBytesPerSec" : 27.160178898382668
  },
  "delete" : {
    "transaction" : "delete",
    "sampleCount" : 5000,
    "errorCount" : 3463,
    "errorPct" : 69.26,
    "meanResTime" : 1814.7283999999968,
    "medianResTime" : 77.0,
    "minResTime" : 0.0,
    "maxResTime" : 16547.0,
    "pct1ResTime" : 8624.800000000001,
    "pct2ResTime" : 9340.649999999998,
    "pct3ResTime" : 16149.949999999999,
    "throughput" : 246.7186420605941,
    "receivedKBytesPerSec" : 451.4757437025067,
    "sentKBytesPerSec" : 14.220245731767493
  }
}