{
  "get by id" : {
    "transaction" : "get by id",
    "sampleCount" : 100,
    "errorCount" : 0,
    "errorPct" : 0.0,
    "meanResTime" : 3.6200000000000006,
    "medianResTime" : 2.0,
    "minResTime" : 1.0,
    "maxResTime" : 29.0,
    "pct1ResTime" : 8.0,
    "pct2ResTime" : 15.599999999999909,
    "pct3ResTime" : 28.989999999999995,
    "throughput" : 121.06537530266344,
    "receivedKBytesPerSec" : 27.783557808716708,
    "sentKBytesPerSec" : 15.014944007263923
  },
  "post" : {
    "transaction" : "post",
    "sampleCount" : 100,
    "errorCount" : 0,
    "errorPct" : 0.0,
    "meanResTime" : 3.4199999999999986,
    "medianResTime" : 2.0,
    "minResTime" : 1.0,
    "maxResTime" : 25.0,
    "pct1ResTime" : 7.0,
    "pct2ResTime" : 9.0,
    "pct3ResTime" : 24.909999999999954,
    "throughput" : 120.48192771084338,
    "receivedKBytesPerSec" : 27.649661144578314,
    "sentKBytesPerSec" : 27.649661144578314
  },
  "Total" : {
    "transaction" : "Total",
    "sampleCount" : 500,
    "errorCount" : 0,
    "errorPct" : 0.0,
    "meanResTime" : 4.926000000000004,
    "medianResTime" : 2.0,
    "minResTime" : 1.0,
    "maxResTime" : 44.0,
    "pct1ResTime" : 9.0,
    "pct2ResTime" : 18.899999999999977,
    "pct3ResTime" : 44.0,
    "throughput" : 562.429696287964,
    "receivedKBytesPerSec" : 134.537137935883,
    "sentKBytesPerSec" : 100.51233830146232
  },
  "update" : {
    "transaction" : "update",
    "sampleCount" : 100,
    "errorCount" : 0,
    "errorPct" : 0.0,
    "meanResTime" : 3.450000000000002,
    "medianResTime" : 2.0,
    "minResTime" : 1.0,
    "maxResTime" : 25.0,
    "pct1ResTime" : 8.0,
    "pct2ResTime" : 9.949999999999989,
    "pct3ResTime" : 24.89999999999995,
    "throughput" : 120.04801920768307,
    "receivedKBytesPerSec" : 25.861907262905163,
    "sentKBytesPerSec" : 27.550082533013207
  },
  "get all" : {
    "transaction" : "get all",
    "sampleCount" : 100,
    "errorCount" : 0,
    "errorPct" : 0.0,
    "meanResTime" : 3.450000000000003,
    "medianResTime" : 2.0,
    "minResTime" : 1.0,
    "maxResTime" : 15.0,
    "pct1ResTime" : 9.900000000000006,
    "pct2ResTime" : 13.0,
    "pct3ResTime" : 15.0,
    "throughput" : 121.65450121654501,
    "receivedKBytesPerSec" : 33.875551246958636,
    "sentKBytesPerSec" : 14.969206204379564
  },
  "delete" : {
    "transaction" : "delete",
    "sampleCount" : 100,
    "errorCount" : 0,
    "errorPct" : 0.0,
    "meanResTime" : 10.689999999999998,
    "medianResTime" : 3.0,
    "minResTime" : 2.0,
    "maxResTime" : 44.0,
    "pct1ResTime" : 44.0,
    "pct2ResTime" : 44.0,
    "pct3ResTime" : 44.0,
    "throughput" : 113.89521640091115,
    "receivedKBytesPerSec" : 27.695223519362187,
    "sentKBytesPerSec" : 21.355353075170843
  }
}